epochSequence, y0,y1,y2,y3,y4,y5,y6,y7,y8,y9,y10,y11,y12,y13,y14,y15,y16,y17,y18,y19,y20,y21,y22,y23
0.0,-4311.6,-4311.9,-4312.2,-4312.1,-4311.1,-4311.2,-4311.5,-4311.3,-4306.8,-4302.6,-4299.6,-4295.6,-4293.5,-4299.6,-4310.6,-4319.6,-4328.5,-4337.9,-4340.8,-4334.2,-4325.2,-4322.7,-4321.2,-4317.9
1.0,-4317.3,-4315.8,-4312.4,-4311.3,-4305.5,-4311.0,-4307.7,-4305.7,-4308.4,-4315.5,-4297.4,-4289.3,-4288.7,-4288.1,-4296.3,-4307.8,-4320.1,-4330.4,-4339.1,-4340.2,-4332.2,-4321.9,-4314.4,-4310.3
2.0,-4311.9,-4312.1,-4312.2,-4311.1,-4311.8,-4311.1,-4310.6,-4309.6,-4308.0,-4304.8,-4298.2,-4291.6,-4285.9,-4289.6,-4302.4,-4317.2,-4332.7,-4342.0,-4344.5,-4339.8,-4328.7,-4317.9,-4311.1,-4308.4
4.0,-4309.4,-4311.1,-4310.5,-4310.4,-4312.7,-4310.1,-4309.9,-4308.4,-4307.5,-4306.1,-4300.6,-4278.7,-4270.8,-4274.8,-4277.9,-4322.2,-4345.5,-4371.4,-4391.3,-4368.5,-4353.1,-4346.0,-4313.3,-4288.2
5.0,-4259.8,-4267.4,-4289.6,-4307.2,-4287.5,-4290.9,-4307.4,-4328.5,-4309.6,-4319.3,-4325.5,-4299.6,-4293.7,-4287.2,-4299.2,-4314.4,-4319.5,-4328.8,-4334.0,-4336.8,-4322.2,-4325.9,-4302.9,-4319.6
6.0,-4308.9,-4289.7,-4270.6,-4290.4,-4315.3,-4330.9,-4289.8,-4310.0,-4314.0,-4303.5,-4295.3,-4288.9,-4289.6,-4290.8,-4308.6,-4330.9,-4339.1,-4345.1,-4347.1,-4334.4,-4330.2,-4322.9,-4309.0,-4314.0
9.0,-4297.9,-4297.3,-4302.1,-4292.2,-4306.0,-4309.8,-4312.1,-4341.4,-4306.7,-4296.3,-4301.4,-4290.2,-4294.7,-4291.3,-4297.0,-4307.8,-4325.8,-4337.1,-4331.7,-4329.4,-4326.7,-4309.2,-4308.6,-4307.1
10.0,-4306.7,-4307.4,-4311.1,-4308.6,-4334.1,-4290.7,-4280.0,-4313.1,-4281.6,-4273.9,-4272.8,-4268.5,-4281.7,-4293.4,-4327.8,-4350.9,-4353.6,-4357.5,-4357.8,-4356.0,-4343.2,-4332.6,-4328.8,-4314.2
12.0,-4314.7,-4316.5,-4318.2,-4316.0,-4313.0,-4317.3,-4302.8,-4299.8,-4282.5,-4284.9,-4290.4,-4273.5,-4276.2,-4290.1,-4304.9,-4326.3,-4345.0,-4348.4,-4347.8,-4339.2,-4328.7,-4319.9,-4310.8,-4305.9
18.0,-4310.6,-4312.3,-4313.1,-4313.1,-4313.3,-4313.4,-4311.9,-4310.1,-4309.2,-4304.6,-4299.9,-4292.0,-4281.2,-4279.6,-4285.6,-4305.6,-4327.6,-4343.1,-4348.4,-4344.6,-4335.1,-4324.1,-4317.1,-4313.0
19.0,-4313.9,-4315.8,-4315.4,-4310.9,-4312.7,-4311.9,-4311.2,-4313.1,-4308.7,-4302.6,-4298.1,-4289.1,-4287.6,-4293.0,-4292.8,-4308.3,-4328.9,-4338.7,-4347.2,-4341.7,-4332.5,-4323.7,-4315.4,-4310.4
28.0,-4314.1,-4315.3,-4315.8,-4313.6,-4304.8,-4309.0,-4307.9,-4308.1,-4303.3,-4298.4,-4287.8,-4279.0,-4276.9,-4285.6,-4298.8,-4319.3,-4338.6,-4342.6,-4341.7,-4338.0,-4329.0,-4320.3,-4312.9,-4306.7
30.0,-4310.1,-4311.5,-4312.4,-4308.5,-4310.7,-4311.8,-4312.0,-4308.8,-4304.4,-4299.5,-4286.1,-4275.4,-4269.5,-4272.9,-4283.3,-4306.1,-4328.9,-4359.6,-4371.4,-4370.7,-4349.3,-4334.9,-4328.5,-4308.2
31.0,-4314.7,-4294.1,-4294.7,-4307.1,-4321.4,-4334.1,-4313.2,-4266.8,-4335.0,-4309.9,-4307.6,-4278.8,-4270.4,-4299.9,-4312.4,-4315.1,-4339.7,-4339.6,-4351.1,-4343.5,-4331.6,-4312.3,-4310.4,-4308.6
